{ 
    "info": [
        {
            "text": "Total Items",
            "number": "5555",
            "unit": ""
        }, 
        {
            "text": "Total Owners",
            "number": "896",
            "unit": ""
        }, 
        {
            "text": "Floor Price (ETH)",
            "number": "0.55",
            "unit": ""
        }, 
        {
            "text": "Volume Traded (ETH)",
            "number": "25.5",
            "unit": "k"
        }
    ]
}